category,text,date,rating
Product,"Box of Chocolate Candy: Indulge your sweet tooth with our Box of Chocolate Candy. Each box contains an assortment of rich, flavorful chocolates with a smooth, creamy filling. Choose from a variety of flavors including zesty orange and sweet cherry. Whether you're looking for the perfect gift or just want to treat yourself, our Box of Chocolate Candy is sure to satisfy.",,
Product,"Dark Red Energy Potion: Unleash the power within with our 'Dark Red Potion', an energy drink as intense as the games you play. Its deep red color and bold cherry cola flavor are as inviting as they are invigorating. Bring out the best in your gaming performance, and unlock your full potential.",,
Product,"Teal Energy Potion: Experience a surge of vitality with our 'Teal Potion', an exceptional energy drink designed for the gaming community. With its intriguing teal color and a flavor that keeps you asking for more, this potion is your best companion during those long gaming nights. Every sip is an adventure - let the quest begin!",,
Product,"Red Energy Potion: Elevate your game with our 'Red Potion', an extraordinary energy drink that's as enticing as it is effective. This fiery red potion delivers an explosive berry flavor and an energy kick that keeps you at the top of your game. Are you ready to level up?",,
Product,"Blue Energy Potion: Ignite your gaming sessions with our 'Blue Energy Potion', a premium energy drink crafted for dedicated gamers. Inspired by the classic video game potions, this energy drink provides a much-needed boost to keep you focused and energized. It's more than just an energy drink - it's an ode to the gaming culture, packaged in an aesthetically pleasing potion-like bottle that'll make you feel like you're in your favorite game world. Drink up and game on!",,
Product,"Dragon Energy Potion: Fuel your gaming prowess with our 'Dragon Potion', an energy drink for those who dare to take on the greatest challenges. Packed with a fiery tropical flavor and a potent energy blend, this potion sets the stage for epic gaming sessions. Embrace the spirit of the dragon - play hard, play long.",,
Product,"Hiking Boots for Outdoor Adventures: Gear up for your next outdoor adventure with these durable and comfortable hiking boots. These boots are designed to handle all types of terrain, from rocky trails to muddy paths. They feature a waterproof upper, a rugged outsole for excellent traction, and a cushioned insole for maximum comfort. The mixed-color design adds a stylish touch to these practical boots. Get ready to conquer the great outdoors with our Hiking Boots for Outdoor Adventures.",,
Product,"Women's High Heel Sandals: Step out in style with our Women's High Heel Sandals. These sandals feature a strappy design that adds a touch of elegance to any outfit. The comfortable footbed and sturdy heel make them perfect for a night out, while the buckle closure ensures a secure fit. Choose from black, red, nude, or silver to complement your wardrobe.",,
Product,"Running Shoes for Men: Stay comfortable during your runs with our Men's Running Shoes. Featuring a breathable upper and a cushioned midsole, these shoes provide excellent ventilation and shock absorption. The durable outsole offers solid traction, ensuring stability even on slippery surfaces. With a sleek design and various color options, you can hit the road or the treadmill in style.",,
Product,"Kids' Light-Up Sneakers: Make your child's every step magical with these fun and vibrant light-up sneakers. The shoes feature colorful LED lights embedded in the sole that illuminate with each stride, creating an enchanting visual display. Made with breathable materials and a cushioned footbed, these sneakers ensure comfort for active play. Let your little one's personality shine with these exciting and playful shoes.",,
Product,"Classic Leather Sneakers: Step out in style with these timeless classic leather sneakers. Made from premium genuine leather, these sneakers offer both comfort and durability. The sleek design and neutral color make them versatile for any occasion. Whether you're dressing up for a formal event or going for a casual outing, these sneakers will complement your look perfectly.",,
Product,"Cat-Ear Beanie: Add a touch of whimsy to your winter wardrobe with our Cat Ear Beanie. Crafted from warm, soft material, this cozy beanie features adorable cat ears that stand out, making it the perfect accessory for cat lovers and fashion enthusiasts alike. Available in a variety of colors like black, grey, white, pink, and blue, this beanie not only keeps you warm but also adds a playful element to your outfit. Wear it for a casual day out, or make it your go-to accessory for those chilly evening walks. Stay warm, look cute, and let your playful side shine with our Cat Ear Beanie.",,
Testimonial,We've been using this utility for years - awesome service!,,5.0
Testimonial,This Python app simplified my workflow significantly. Highly recommended.,,5.0
Testimonial,"Had a few issues at first, but their support team is top-notch!",,4.0
Testimonial,A fantastic tool - it has everything you need and more.,,5.0
Testimonial,The interface could be a little more user-friendly.,,5.0
Testimonial,Been a fan of this app since day one. It just keeps getting better!,,5.0
Testimonial,The recent updates really improved the overall experience.,,4.0
Testimonial,A decent web app. There's room for improvement though.,,3.0
Testimonial,The app is reliable and efficient. I can't imagine my day without it now.,,5.0
Testimonial,Encountered some bugs. Hope they fix it soon.,,1.0
Testimonial,This web app is a game-changer! I've boosted my productivity.,,5.0
Testimonial,The features are great but it took me a while to understand how to use them.,,4.0
Testimonial,Love the simplicity and effectiveness of this app.,,4.0
Testimonial,"It's an okay tool, but I've used better.",,5.0
Testimonial,Fantastic app! It's made my job so much easier.,,5.0
Testimonial,"The learning curve is steep, but it's worth it.",,5.0
Testimonial,Great concept but needs more work on the execution.,,5.0
Testimonial,This app is innovative and has a lot of potentials. Keep it up!,,4.0
Testimonial,"It's a solid tool, but there are some minor issues.",,5.0
Testimonial,A great app that delivers on its promises. Very impressed.,,5.0
Testimonial,I'm blown away by the features and functionality. Incredible app!,,5.0
Testimonial,I'm not satisfied with the app's performance. Disappointing.,,1.0
Testimonial,The customer support team went above and beyond to help me. Excellent service!,,5.0
Testimonial,"The app crashes frequently, making it unreliable for my needs.",,5.0
Testimonial,I've recommended this app to all my colleagues. It's a game-changer!,,5.0
Testimonial,The user interface is intuitive and well-designed. Easy to navigate.,,5.0
Testimonial,I expected more from this app. It didn't meet my expectations.,,5.0
Testimonial,The app's performance has improved significantly with the latest update.,,4.0
Testimonial,This app has saved me so much time and effort. Highly efficient!,,5.0
Testimonial,"There are some minor bugs, but overall, a solid app.",,4.0
Testimonial,"I've tried many similar apps, but this one stands out. Impressive!",,4.0
Testimonial,The app's user interface could use some improvements. It feels outdated.,,5.0
Testimonial,I'm extremely satisfied with the app's performance. Works like a charm!,,5.0
Testimonial,The app's documentation is comprehensive and easy to follow.,,4.0
Testimonial,I'm disappointed with the lack of updates and new features.,,3.0
Testimonial,This app has become an essential part of my workflow. Highly recommended!,,5.0
Testimonial,The app is slow and unresponsive at times. Needs optimization.,,2.0
Testimonial,I love the clean and modern design of the app. Pleasing to the eye.,,5.0
Testimonial,I've encountered several bugs that hindered my productivity.,,2.0
Testimonial,This app has become an indispensable tool for me. Great job!,,5.0
Testimonial,The app's user interface is cluttered and confusing. Difficult to navigate.,,2.0
Testimonial,"I've been using this app for a while now, and it has become an essential part of my daily routine. Highly recommended!",,5.0
Testimonial,The customer support team was unresponsive and unhelpful. Disappointing experience.,,1.0
Testimonial,This app has revolutionized the way I work. It's efficient and user-friendly.,,5.0
Testimonial,"The app's performance is inconsistent. It works well sometimes, but other times it's slow and unresponsive.",,3.0
Testimonial,I'm impressed by the frequent updates and new features added to the app. It keeps getting better!,,5.0
Testimonial,"I had high hopes for this app, but it failed to meet my expectations. It lacks important features.",,2.0
Testimonial,The app's interface is intuitive and easy to navigate. I didn't face any issues while using it.,,5.0
Testimonial,This app is a must-have for anyone in the industry. It streamlines processes and saves time.,,5.0
Testimonial,I encountered a critical bug that caused data loss. It was a frustrating experience.,,1.0
Testimonial,"The app's design is visually appealing, and the user experience is excellent.",,5.0
Testimonial,The app's functionality is limited. It needs more features to be truly useful.,,2.0
Testimonial,I've had a positive experience using this app. It has improved my productivity significantly.,,4.0
Testimonial,"The app crashes frequently, making it unreliable for daily use.",,2.0
Testimonial,The app's customer support team was prompt and helpful in resolving my issues. Great service!,,5.0
Testimonial,"I've tried many similar apps, but this one stands out with its exceptional performance and features.",,5.0
Testimonial,The app's user interface is outdated and not intuitive. It needs a modern redesign.,,2.0
Testimonial,I'm extremely satisfied with this app. It has exceeded my expectations in every way.,,5.0
Testimonial,"The app's documentation is comprehensive and easy to follow, making it easy to get started.",,5.0
Testimonial,The app's performance has been flawless. I haven't experienced any issues or slowdowns.,,5.0
Review,Unique flavor and great energy boost. It's the perfect gamer's drink!,2023-05-18,5.0
Review,Good flavor and keeps me energized. The bottle design is really fun.,2023-05-17,5.0
Review,Excellent energy drink for gamers. The tropical flavor is refreshing.,2023-05-16,4.0
Review,"It’s fun, tastes good, and the energy boost is helpful during intense gaming sessions.",2023-05-15,5.0
Review,"The best sneakers I've bought in a long time. Stylish, comfortable and the leather quality is top-notch.",2023-05-15,5.0
Review,The cherry cola flavor is a win. Keeps me energized and focused.,2023-05-12,5.0
Review,These shoes are a hit with my twins. They love the lights and they seem to be quite durable.,2023-05-10,5.0
Review,Excellent boots for outdoor adventures. They offer great support and are very comfortable.,2023-05-01,5.0
Review,"Nice design and good quality, but a bit too tight for me. Otherwise, it's a pretty cool beanie.",2023-05-01,4.0
Review,Really enjoyed the citrus flavor and the energy boost it gives.,2023-04-25,5.0
Review,"Great concept, but the sizing is a bit off. Order a size larger.",2023-04-25,3.0
Review,"Delicious chocolates, and the box is pretty substantial. It'd make a nice gift.",2023-04-18,5.0
Review,"The boots are durable, but the laces could be better quality.",2023-04-12,4.0
Review,This potion is a game changer. Love the energy boost and the flavor.,2023-04-11,5.0
Review,"Light, comfortable, and nice design. I'm buying another pair.",2023-04-10,5.0
Review,Highly recommend! These shoes are great for evening walks. Kids love them!,2023-04-10,5.0
Review,It's like a health potion for gamers! The energy boost is spot on.,2023-04-09,4.0
Review,Really helps me focus during intense gaming marathons. The teal color is a nice touch.,2023-04-07,5.0
Review,The shoes are nice but they didn't fit me well. I had to exchange for a larger size.,2023-04-07,3.0
Review,"Great taste, and the energy kick is awesome. Feels just like a strength potion.",2023-04-05,5.0
Review,Exceptional beanie! I wear it every time I go out in cold weather. The material is comfortable and durable. Highly recommend it.,2023-04-05,5.0
Review,Great taste and doesn't give me a crash afterwards.,2023-04-01,4.0
Review,"Good quality and fit, but the color is a bit off from the picture. Still, they're pretty.",2023-03-25,4.0
Review,"The beanie is cute, but the cat ears were a bit floppy. Overall, I like it and wear it regularly.",2023-03-25,3.0
Review,"Good quality and comfortable, but a bit pricey.",2023-03-24,4.0
Review,"The orange flavor wasn't my favorite, but the cherry ones are great.",2023-03-20,4.0
Review,"Not only does it look cool, but it tastes great and gives a good energy boost!",2023-03-20,5.0
Review,Just what I need for long gaming sessions. Great flavor and energy boost.,2023-03-15,5.0
Review,"Definitely helped me stay focused during my long gaming nights. Plus, the bottle design is pretty cool.",2023-03-14,5.0
Review,"I love how it gives me the energy I need for my gaming sessions. Plus, no sugar crash.",2023-03-14,4.0
Review,"Finally, an energy drink for gamers! It's just like a mana potion.",2023-03-10,5.0
Review,"I'm not really a cat person, but I like the quality and comfort of this beanie. My friend recommended it, and I'm glad I bought it.",2023-03-10,4.0
Review,"They're a good pair of running shoes for the price. They're not the best I've had, but they do the job.",2023-03-05,3.0
Review,"The sneakers are fun and eye-catching, but my pair arrived with one shoe not lighting up.",2023-03-05,2.0
Review,Very comfortable and the leather feels premium. Would recommend to anyone looking for classic sneakers.,2023-03-01,5.0
Review,"Great sneakers, but the white ones get dirty easily. Otherwise, they're perfect.",2023-02-25,4.0
Review,"Love these boots. They're rugged and comfortable, perfect for outdoor activities.",2023-02-22,5.0
Review,Perfect for long gaming nights. Love the taste and the cool bottle design.,2023-02-20,5.0
Review,"Comfortable, good fit, and the grip is excellent. Happy with my purchase.",2023-02-20,5.0
Review,Good quality and the lights are a nice touch. My kid wears them all the time.,2023-02-20,4.0
Review,"The tropical flavor is really good, and the energy kick is powerful.",2023-02-18,5.0
Review,Stunning and comfortable. I wore them to a wedding and got so many compliments.,2023-02-17,5.0
Review,"The box is nicely packaged, making it a great gift option.",2023-02-15,5.0
Review,It's quite nice but a little snug on my head. Maybe it's just my head size. But I love the design!,2023-02-15,3.0
Review,The cherry cola flavor is very appealing. Provides a good energy boost for gaming!,2023-02-12,4.0
Review,The mint and citrus blend is very refreshing. And the bottle design is great too!,2023-02-12,5.0
Review,The berry flavor is intense and delicious. Great for keeping me focused during my gaming sessions.,2023-02-10,5.0
Review,These chocolates are so tasty! Love the variety of flavors.,2023-01-24,5.0
Review,"Nice sandals, but they run a bit small. I recommend ordering a size up.",2023-01-23,4.0
Review,The design is just epic! And the energy boost is real.,2023-01-15,4.0
Review,Really like the design and they're great for running. They're also easy to clean.,2023-01-15,4.0
Review,These sneakers are worth every penny! They're durable and my kid loves them!,2023-01-15,5.0
Review,"These are decent boots for hiking, but they took a while to break in.",2023-01-13,3.0
Review,"Impressive build quality and comfort. However, I wish they were a bit cheaper.",2023-01-10,4.0
Review,A must-have for cat lovers. It's adorable and keeps me warm during chilly weather.,2023-01-10,4.0
